amp_V,delay_span_dV1_V,delay_span_dV100_V
1.4,0,0.0125774333855231
1.5,0.00524620569709811,0.0176800862787408
1.6,0.0114280227898877,0.0193477057985899
